datetime,o,h,l,c,v,readable_time
1514872800000,67.22,67.26,66.6,66.75,2784023,2018-01-02 00:00:00
1514959200000,66.74,67.13,66.06,66.9,2808203,2018-01-03 00:00:00
1515045600000,66.9,67.11,66.46,66.85,3050324,2018-01-04 00:00:00
1515132000000,67.0,67.1199,66.2,66.3,3793549,2018-01-05 00:00:00
1515391200000,66.22,66.3,65.95,66.05,2027088,2018-01-08 00:00:00
1515477600000,67.13,68.02,66.88,67.63,3470382,2018-01-09 00:00:00
1515564000000,68.19,68.88,67.87,67.95,3300864,2018-01-10 00:00:00
1515650400000,68.83,69.14,68.15,68.8,2632409,2018-01-11 00:00:00
1515736800000,68.98,69.72,68.81,69.69,3243963,2018-01-12 00:00:00
1516082400000,69.4,69.73,68.21,68.52,3664020,2018-01-16 00:00:00
1516168800000,68.56,69.6,68.44,69.45,3299540,2018-01-17 00:00:00
1516255200000,69.56,69.64,68.85,69.02,2491022,2018-01-18 00:00:00
1516341600000,69.33,69.52,68.33,68.56,4097353,2018-01-19 00:00:00
1516600800000,68.59,68.9,68.05,68.86,3752559,2018-01-22 00:00:00
1516687200000,68.73,69.58,68.43,68.51,4189863,2018-01-23 00:00:00
1516773600000,69.38,71.49,68.9,71.17,6755825,2018-01-24 00:00:00
1516860000000,71.17,71.33,70.38,70.76,2863815,2018-01-25 00:00:00
1516946400000,71.01,71.665,70.71,71.65,2811762,2018-01-26 00:00:00
1517205600000,71.44,72.1,71.215,71.94,3510202,2018-01-29 00:00:00
1517292000000,71.65,72.7,71.63,71.79,3495956,2018-01-30 00:00:00
1517378400000,71.81,72.17,71.44,71.61,3634628,2018-01-31 00:00:00
1517464800000,71.93,72.29,70.93,71.11,2658066,2018-02-01 00:00:00
1517551200000,71.0,71.49,69.75,69.95,2577684,2018-02-02 00:00:00
1517810400000,69.72,70.47,67.92,68.04,3518195,2018-02-05 00:00:00
1517896800000,67.43,69.45,66.77,69.27,4476034,2018-02-06 00:00:00
1517983200000,68.61,69.954,68.38,69.12,3122572,2018-02-07 00:00:00
1518069600000,69.59,69.6,66.75,66.76,3683577,2018-02-08 00:00:00
1518156000000,67.3,67.62,64.801,67.07,5188931,2018-02-09 00:00:00
1518415200000,67.57,68.95,67.56,68.77,3145990,2018-02-12 00:00:00
1518501600000,68.61,69.07,68.23,68.75,2052355,2018-02-13 00:00:00
1518588000000,68.27,70.07,68.09,69.92,2740154,2018-02-14 00:00:00
1518674400000,69.9,70.09,69.19,69.6,2499698,2018-02-15 00:00:00
1518760800000,69.16,69.89,68.55,69.5,2286232,2018-02-16 00:00:00
1519106400000,69.33,69.98,69.04,69.45,1869328,2018-02-20 00:00:00
1519192800000,70.07,70.56,69.51,69.58,2914441,2018-02-21 00:00:00
1519279200000,69.24,69.34,68.09,68.2,2492649,2018-02-22 00:00:00
1519365600000,68.43,68.78,68.23,68.76,2042006,2018-02-23 00:00:00
1519624800000,68.75,68.98,68.5,68.64,1643928,2018-02-26 00:00:00
1519711200000,68.74,68.8,67.48,67.49,3027690,2018-02-27 00:00:00
1519797600000,67.85,68.09,66.9,66.91,3181966,2018-02-28 00:00:00
1519884000000,66.61,67.3,65.67,65.98,2797450,2018-03-01 00:00:00
1519970400000,65.71,65.79,64.52,64.97,3749460,2018-03-02 00:00:00
1520229600000,65.13,65.85,64.815,65.19,3380750,2018-03-05 00:00:00
1520316000000,65.6,66.15,65.1,66.15,2972082,2018-03-06 00:00:00
1520402400000,65.84,66.08,65.13,66.01,2245902,2018-03-07 00:00:00
1520488800000,66.45,66.97,66.38,66.73,2369389,2018-03-08 00:00:00
1520575200000,67.0,67.51,66.72,67.47,2700117,2018-03-09 00:00:00
1520830800000,67.58,67.75,67.12,67.36,1926963,2018-03-12 00:00:00
1520917200000,67.71,68.295,67.44,67.57,2227674,2018-03-13 00:00:00
1521003600000,67.67,67.73,66.78,66.96,2151713,2018-03-14 00:00:00
1521090000000,67.22,67.335,66.6808,66.73,2910869,2018-03-15 00:00:00
1521176400000,66.82,67.07,66.3299,66.91,3955267,2018-03-16 00:00:00
1521435600000,67.17,68.0,66.98,67.63,3477101,2018-03-19 00:00:00
1521522000000,68.01,68.95,67.71,67.85,4205003,2018-03-20 00:00:00
1521608400000,67.88,68.15,66.82,67.06,4586254,2018-03-21 00:00:00
1521694800000,68.72,69.11,65.97,66.2,6151045,2018-03-22 00:00:00
1521781200000,67.35,67.5,64.41,64.41,5608524,2018-03-23 00:00:00
1522040400000,65.05,65.83,64.495,65.8,4491046,2018-03-26 00:00:00
1522126800000,66.08,66.89,65.26,65.73,4917070,2018-03-27 00:00:00
1522213200000,65.77,66.15,64.25,64.64,5391099,2018-03-28 00:00:00
1522299600000,64.82,65.95,64.43,65.58,3710093,2018-03-29 00:00:00
1522645200000,65.68,65.92,63.65,64.62,4017142,2018-04-02 00:00:00
1522731600000,64.95,65.05,64.0,64.49,3023561,2018-04-03 00:00:00
1522818000000,64.07,65.06,63.78,64.98,3329762,2018-04-04 00:00:00
1522904400000,65.2,65.75,64.71,65.51,2332209,2018-04-05 00:00:00
1522990800000,65.62,65.77,63.985,64.51,3312409,2018-04-06 00:00:00
1523250000000,65.35,65.63,64.78,64.86,2250377,2018-04-09 00:00:00
1523336400000,65.53,65.73,61.89,63.1,8881191,2018-04-10 00:00:00
1523422800000,63.24,64.6,63.16,63.64,5543340,2018-04-11 00:00:00
1523509200000,64.04,64.44,63.11,63.75,3390636,2018-04-12 00:00:00
1523595600000,64.23,64.4,62.74,62.94,4409029,2018-04-13 00:00:00
1523854800000,63.72,64.3,63.55,64.08,2963432,2018-04-16 00:00:00
1523941200000,64.68,65.03,64.0,64.17,3573983,2018-04-17 00:00:00
1524027600000,64.6,65.34,64.55,65.27,3125453,2018-04-18 00:00:00
1524114000000,65.24,65.5,64.895,65.06,4343269,2018-04-19 00:00:00
1524200400000,64.94,65.91,64.94,65.88,3845044,2018-04-20 00:00:00
1524459600000,65.88,66.56,65.81,66.27,3621127,2018-04-23 00:00:00
1524546000000,66.51,66.75,65.15,65.54,3303307,2018-04-24 00:00:00
1524632400000,65.55,66.08,65.24,66.07,3147412,2018-04-25 00:00:00
1524718800000,66.4,66.56,64.1,64.31,5282401,2018-04-26 00:00:00
1524805200000,64.37,65.08,63.95,64.36,3226538,2018-04-27 00:00:00
1525064400000,65.01,65.01,63.04,63.06,3950578,2018-04-30 00:00:00
1525150800000,63.24,64.14,62.91,64.11,4537245,2018-05-01 00:00:00
1525237200000,64.24,64.43,62.68,62.85,3822580,2018-05-02 00:00:00
1525323600000,62.98,63.34,62.2748,63.3,4182749,2018-05-03 00:00:00
1525410000000,63.0,63.805,62.6,63.57,2228487,2018-05-04 00:00:00
1525669200000,63.64,63.64,62.58,62.93,3319443,2018-05-07 00:00:00
1525755600000,63.23,63.99,62.95,63.15,3589788,2018-05-08 00:00:00
1525842000000,63.5,63.97,63.22,63.95,3239432,2018-05-09 00:00:00
1525928400000,63.99,64.58,63.96,64.06,2256556,2018-05-10 00:00:00
1526014800000,64.02,64.45,63.52,64.02,2542370,2018-05-11 00:00:00
1526274000000,64.0,65.18,63.775,64.82,2552688,2018-05-14 00:00:00
1526360400000,64.96,65.34,64.65,65.18,3744974,2018-05-15 00:00:00
1526446800000,65.28,66.0,65.11,65.46,2920295,2018-05-16 00:00:00
1526533200000,65.54,65.5799,64.57,64.82,2679663,2018-05-17 00:00:00
1526619600000,64.91,65.01,64.1944,64.84,2627331,2018-05-18 00:00:00
1526878800000,64.98,65.51,64.58,64.77,2252634,2018-05-21 00:00:00
1526965200000,64.88,65.37,64.71,65.05,2800039,2018-05-22 00:00:00
1527051600000,64.87,65.33,64.03,64.68,3523365,2018-05-23 00:00:00
1527138000000,64.35,64.535,63.71,64.15,3276151,2018-05-24 00:00:00
1527224400000,64.08,64.63,64.07,64.25,3637581,2018-05-25 00:00:00
1527570000000,63.69,63.74,62.22,62.55,4545372,2018-05-29 00:00:00
1527656400000,62.66,63.1,62.35,62.88,3175405,2018-05-30 00:00:00
1527742800000,63.04,63.2,62.14,62.28,8064163,2018-05-31 00:00:00
1527829200000,62.68,63.22,62.61,63.17,3127291,2018-06-01 00:00:00
1528088400000,63.39,63.58,63.04,63.34,2827859,2018-06-04 00:00:00
1528174800000,60.68,61.73,60.49,60.59,11535326,2018-06-05 00:00:00
1528261200000,60.37,61.5,60.3,61.45,4817158,2018-06-06 00:00:00
1528347600000,61.37,61.94,61.0,61.33,4265803,2018-06-07 00:00:00
1528434000000,61.03,61.16,60.47,60.94,2878573,2018-06-08 00:00:00
1528693200000,61.0,61.54,61.0,61.14,2225278,2018-06-11 00:00:00
1528779600000,61.29,62.46,61.24,62.17,4348436,2018-06-12 00:00:00
1528866000000,62.47,63.89,62.39,63.83,6936707,2018-06-13 00:00:00
1528952400000,64.45,65.42,63.81,64.2,5777130,2018-06-14 00:00:00
1529038800000,64.0,65.255,63.43,65.18,5509708,2018-06-15 00:00:00
1529298000000,64.28,64.55,63.98,64.45,3604814,2018-06-18 00:00:00
1529384400000,63.96,64.15,63.065,63.47,3106807,2018-06-19 00:00:00
1529470800000,63.92,64.0,62.63,63.0,3974673,2018-06-20 00:00:00
1529557200000,62.92,63.49,62.175,62.4,2829446,2018-06-21 00:00:00
1529643600000,62.66,63.75,62.6,63.53,5180944,2018-06-22 00:00:00
1529902800000,60.19,60.51,56.95,58.54,16789966,2018-06-25 00:00:00
1529989200000,58.54,60.0,58.0005,59.76,6526342,2018-06-26 00:00:00
1530075600000,60.3,60.3,58.05,58.07,5691691,2018-06-27 00:00:00
1530162000000,58.1,58.19,56.79,57.16,5906188,2018-06-28 00:00:00
1530248400000,57.16,58.14,57.07,57.31,4986132,2018-06-29 00:00:00
1530507600000,56.83,57.44,56.55,57.15,5315088,2018-07-02 00:00:00
1530594000000,57.14,57.175,56.45,56.76,4037378,2018-07-03 00:00:00
1530766800000,57.07,57.15,56.525,56.89,4248793,2018-07-05 00:00:00
1530853200000,56.93,58.0,56.73,57.55,4357579,2018-07-06 00:00:00
1531112400000,57.5,58.01,57.25,57.94,4122736,2018-07-09 00:00:00
1531198800000,57.53,58.86,57.35,58.82,6025528,2018-07-10 00:00:00
1531285200000,58.0,58.4598,57.485,57.99,5568871,2018-07-11 00:00:00
1531371600000,58.31,58.55,58.01,58.4,3451785,2018-07-12 00:00:00
1531458000000,58.02,58.62,57.91,58.05,3241003,2018-07-13 00:00:00
1531717200000,58.23,58.57,57.63,58.4,2864263,2018-07-16 00:00:00
1531803600000,58.32,58.86,58.18,58.59,2398909,2018-07-17 00:00:00
1531890000000,59.13,59.775,59.0,59.53,4563273,2018-07-18 00:00:00
1531976400000,59.2,59.33,58.74,58.86,3811311,2018-07-19 00:00:00
1532062800000,58.72,58.79,58.09,58.14,3349322,2018-07-20 00:00:00
1532322000000,58.2,58.4033,57.91,58.15,2433534,2018-07-23 00:00:00
1532408400000,58.48,58.49,57.39,57.75,4035232,2018-07-24 00:00:00
1532494800000,57.43,57.81,56.81,57.77,3072632,2018-07-25 00:00:00
1532581200000,57.42,57.98,57.36,57.67,3106718,2018-07-26 00:00:00
1532667600000,57.87,58.38,57.675,58.22,3256699,2018-07-27 00:00:00
1532926800000,58.18,59.0,58.03,58.73,3241534,2018-07-30 00:00:00
1533013200000,58.84,59.5,58.6544,59.24,3243182,2018-07-31 00:00:00
1533099600000,59.16,59.27,58.4,58.62,2499374,2018-08-01 00:00:00
1533186000000,57.95,59.13,57.22,58.85,4946044,2018-08-02 00:00:00
1533272400000,58.94,59.46,58.81,59.05,2644870,2018-08-03 00:00:00
1533531600000,58.51,58.57,58.02,58.41,2456386,2018-08-06 00:00:00
1533618000000,58.63,58.73,58.22,58.69,2708280,2018-08-07 00:00:00
1533704400000,59.13,59.26,58.5,58.6,2232241,2018-08-08 00:00:00
1533790800000,59.09,59.59,58.85,59.34,3606716,2018-08-09 00:00:00
1533877200000,59.74,60.32,59.5,59.6,4521895,2018-08-10 00:00:00
1534136400000,59.38,59.57,58.7,58.99,3622986,2018-08-13 00:00:00
1534222800000,58.92,59.46,58.595,59.32,3590350,2018-08-14 00:00:00
1534309200000,58.49,59.21,58.29,59.2,3590884,2018-08-15 00:00:00
1534395600000,59.27,60.025,59.16,59.83,3494492,2018-08-16 00:00:00
1534482000000,59.37,60.635,59.24,60.58,3421744,2018-08-17 00:00:00
1534741200000,60.37,60.855,60.34,60.75,2673983,2018-08-20 00:00:00
1534827600000,61.0,61.6498,60.81,61.45,3207752,2018-08-21 00:00:00
1534914000000,61.3,62.13,61.125,61.87,4191056,2018-08-22 00:00:00
1535000400000,60.77,61.12,60.68,61.0,3340942,2018-08-23 00:00:00
1535086800000,61.05,61.66,61.04,61.23,2324839,2018-08-24 00:00:00
1535346000000,61.57,62.02,61.33,61.7,2647111,2018-08-27 00:00:00
1535432400000,61.76,61.78,61.22,61.74,2923014,2018-08-28 00:00:00
1535518800000,61.87,62.53,61.81,62.31,3879059,2018-08-29 00:00:00
1535605200000,61.97,62.04,61.36,61.58,2068003,2018-08-30 00:00:00
1535691600000,61.55,61.8399,61.2835,61.49,2477793,2018-08-31 00:00:00
1536037200000,61.21,61.33,60.89,61.2,2379061,2018-09-04 00:00:00
1536123600000,60.97,61.27,60.76,60.95,2980341,2018-09-05 00:00:00
1536210000000,61.49,61.96,61.05,61.74,4005135,2018-09-06 00:00:00
1536296400000,61.27,62.1999,61.2,62.06,2365346,2018-09-07 00:00:00
1536555600000,62.33,62.7199,61.98,61.99,3134460,2018-09-10 00:00:00
1536642000000,61.78,62.15,61.72,61.86,2268406,2018-09-11 00:00:00
1536728400000,61.9,62.58,61.45,62.53,2517754,2018-09-12 00:00:00
1536814800000,61.64,62.82,61.58,62.7,2817513,2018-09-13 00:00:00
1536901200000,62.79,64.14,62.665,63.95,4399695,2018-09-14 00:00:00
1537160400000,64.26,65.37,64.09,64.82,5740003,2018-09-17 00:00:00
1537246800000,64.71,65.98,64.54,65.67,6360182,2018-09-18 00:00:00
1537333200000,65.56,66.37,65.45,66.21,4030223,2018-09-19 00:00:00
1537419600000,66.73,67.29,66.24,66.94,3687412,2018-09-20 00:00:00
1537506000000,67.0,67.59,66.82,67.17,5272714,2018-09-21 00:00:00
1537765200000,66.9,67.0,65.905,66.81,3609275,2018-09-24 00:00:00
1537851600000,66.84,67.04,66.53,66.6,3044347,2018-09-25 00:00:00
1537938000000,67.15,67.69,66.855,66.98,4701474,2018-09-26 00:00:00
1538024400000,61.89,64.04,61.135,63.74,14342439,2018-09-27 00:00:00
1538110800000,63.76,64.38,63.29,63.77,6356322,2018-09-28 00:00:00
1538370000000,63.72,64.7699,63.35,63.55,4563564,2018-10-01 00:00:00
1538456400000,63.55,63.91,63.12,63.12,3726072,2018-10-02 00:00:00
1538542800000,63.1,63.39,62.54,62.62,3515354,2018-10-03 00:00:00
1538629200000,62.59,62.71,61.37,61.69,4576507,2018-10-04 00:00:00
1538715600000,61.68,61.8,60.18,60.58,4292650,2018-10-05 00:00:00
1538974800000,60.33,61.1195,59.94,61.09,3125532,2018-10-08 00:00:00
1539061200000,60.36,61.23,60.19,60.52,3078010,2018-10-09 00:00:00
1539147600000,60.52,60.63,59.01,59.06,4235218,2018-10-10 00:00:00
1539234000000,59.12,59.14,57.51,57.85,5871644,2018-10-11 00:00:00
1539320400000,58.91,58.96,57.55,58.24,3059210,2018-10-12 00:00:00
1539579600000,58.23,58.66,57.71,57.72,3188607,2018-10-15 00:00:00
1539666000000,58.46,59.265,58.2,59.09,3061366,2018-10-16 00:00:00
1539752400000,58.77,59.37,58.49,59.0,3000072,2018-10-17 00:00:00
1539838800000,58.87,59.07,57.315,57.54,2714246,2018-10-18 00:00:00
1539925200000,57.45,57.92,57.05,57.23,3208079,2018-10-19 00:00:00
1540184400000,57.49,57.66,56.45,56.48,2913656,2018-10-22 00:00:00
1540270800000,55.94,57.44,55.522,57.23,4782663,2018-10-23 00:00:00
1540357200000,56.56,56.805,54.65,54.75,5367498,2018-10-24 00:00:00
1540443600000,55.38,56.165,54.58,55.85,4876746,2018-10-25 00:00:00
1540530000000,55.38,55.51,54.045,54.27,5669660,2018-10-26 00:00:00
1540789200000,55.2,55.44,53.47,54.07,4332947,2018-10-29 00:00:00
1540875600000,54.09,54.46,53.57,54.14,5164498,2018-10-30 00:00:00
1540962000000,55.18,56.4225,55.12,56.04,5108403,2018-10-31 00:00:00
1541048400000,56.39,57.96,56.26,57.75,4028187,2018-11-01 00:00:00
1541134800000,58.15,58.26,56.53,57.07,3138904,2018-11-02 00:00:00
1541397600000,56.75,57.12,56.5078,56.86,2907082,2018-11-05 00:00:00
1541484000000,56.3,57.43,56.12,57.25,3252418,2018-11-06 00:00:00
1541570400000,57.59,58.74,57.15,58.67,4124419,2018-11-07 00:00:00
1541656800000,58.31,59.99,57.91,58.12,4268506,2018-11-08 00:00:00
1541743200000,57.93,58.84,57.9,58.54,2587003,2018-11-09 00:00:00
1542002400000,57.99,58.22,57.58,57.77,2340860,2018-11-12 00:00:00
1542088800000,58.56,59.65,58.5,58.9,3567648,2018-11-13 00:00:00
1542175200000,59.41,59.94,58.6,59.24,3835943,2018-11-14 00:00:00
1542261600000,58.66,60.09,58.41,59.85,3497031,2018-11-15 00:00:00
1542348000000,59.53,60.27,59.53,59.96,2779804,2018-11-16 00:00:00
1542607200000,59.96,60.26,58.84,59.05,3107130,2018-11-19 00:00:00
1542693600000,58.39,60.2,58.08,59.88,5681485,2018-11-20 00:00:00
1542780000000,59.55,60.32,59.39,60.04,3616040,2018-11-21 00:00:00
1542952800000,59.78,61.1,59.78,60.75,2044375,2018-11-23 00:00:00
1543212000000,61.2,61.49,60.63,61.4,3273954,2018-11-26 00:00:00
1543298400000,60.76,61.03,60.255,60.55,3890632,2018-11-27 00:00:00
1543384800000,60.43,62.52,60.36,61.94,3608499,2018-11-28 00:00:00
1543471200000,61.59,61.72,60.34,60.73,6206872,2018-11-29 00:00:00
1543557600000,60.46,60.58,59.1,60.29,5744734,2018-11-30 00:00:00
1543816800000,60.6,61.31,60.47,61.08,3997574,2018-12-03 00:00:00
1543903200000,59.86,60.03,58.08,58.3,5198402,2018-12-04 00:00:00
1544076000000,57.45,58.95,57.09,58.9,4443581,2018-12-06 00:00:00
1544162400000,58.31,58.98,56.575,56.73,3104388,2018-12-07 00:00:00
1544421600000,56.67,56.86,55.45,56.35,4973449,2018-12-10 00:00:00
1544508000000,57.3,57.43,55.78,56.07,2909291,2018-12-11 00:00:00
1544594400000,57.48,57.52,56.47,56.52,2505906,2018-12-12 00:00:00
1544680800000,56.84,56.96,56.09,56.59,2813776,2018-12-13 00:00:00
1544767200000,55.88,56.8,55.78,56.33,4024911,2018-12-14 00:00:00
1545026400000,56.8,57.01,56.04,56.34,5204360,2018-12-17 00:00:00
1545112800000,56.95,57.31,56.19,56.21,5103122,2018-12-18 00:00:00
1545199200000,56.43,57.2,54.86,55.01,5866081,2018-12-19 00:00:00
1545285600000,52.15,52.68,48.74,49.79,11301066,2018-12-20 00:00:00
1545372000000,50.41,50.64,47.58,47.86,8078957,2018-12-21 00:00:00
1545631200000,47.46,47.66,46.17,46.21,3631619,2018-12-24 00:00:00
1545804000000,46.31,47.51,45.64,47.5,7955211,2018-12-26 00:00:00
1545890400000,47.61,48.15,46.39,48.13,5079312,2018-12-27 00:00:00
1545976800000,48.46,49.355,48.13,48.68,4797240,2018-12-28 00:00:00
1546236000000,48.9,49.37,48.5,49.3,3970653,2018-12-31 00:00:00
1546408800000,48.94,50.1,48.62,49.85,3926980,2019-01-02 00:00:00
1546495200000,49.27,49.41,47.33,47.37,6128395,2019-01-03 00:00:00
1546581600000,48.44,50.42,48.33,50.05,4568324,2019-01-04 00:00:00
1546840800000,51.01,51.24,50.33,50.64,4695099,2019-01-07 00:00:00
1546927200000,52.4,52.52,51.48,51.9,5776436,2019-01-08 00:00:00
1547013600000,52.4,52.77,51.74,51.99,4083434,2019-01-09 00:00:00
1547100000000,51.84,52.435,51.27,52.29,3918497,2019-01-10 00:00:00
1547186400000,52.22,52.7425,52.07,52.4,3060154,2019-01-11 00:00:00
1547445600000,52.2,52.89,51.9,52.2,3181606,2019-01-14 00:00:00
1547532000000,52.46,52.92,52.19,52.92,3969538,2019-01-15 00:00:00
1547618400000,52.77,53.13,52.3505,52.73,4697847,2019-01-16 00:00:00
1547704800000,52.6,53.66,52.5625,53.54,3157829,2019-01-17 00:00:00
1547791200000,53.89,55.02,53.86,54.88,5684448,2019-01-18 00:00:00
1548136800000,54.46,54.89,54.09,54.52,5848387,2019-01-22 00:00:00
1548223200000,54.5,54.87,53.72,54.27,4373198,2019-01-23 00:00:00
1548309600000,54.47,55.04,54.31,55.02,4879873,2019-01-24 00:00:00
1548396000000,55.52,55.67,55.08,55.51,3172764,2019-01-25 00:00:00
1548655200000,55.36,56.45,55.15,56.4,4511124,2019-01-28 00:00:00
1548741600000,56.49,56.52,55.95,56.26,3152388,2019-01-29 00:00:00
1548828000000,57.52,57.885,56.38,57.43,5488948,2019-01-30 00:00:00
1548914400000,57.99,58.05,57.23,57.58,3763260,2019-01-31 00:00:00
1549000800000,57.55,58.09,57.14,57.71,3032861,2019-02-01 00:00:00
1549260000000,57.56,58.21,57.5,58.18,2468833,2019-02-04 00:00:00
1549346400000,58.46,58.78,58.29,58.56,2983685,2019-02-05 00:00:00
1549432800000,58.55,58.57,58.06,58.31,3296068,2019-02-06 00:00:00
1549519200000,57.54,58.01,56.43,56.96,3965615,2019-02-07 00:00:00
1549605600000,56.44,56.75,55.83,56.63,3609814,2019-02-08 00:00:00
1549864800000,56.66,57.07,56.6,56.82,2310441,2019-02-11 00:00:00
1549951200000,56.96,56.97,56.14,56.57,2757986,2019-02-12 00:00:00
1550037600000,57.06,57.365,56.9,57.05,2595534,2019-02-13 00:00:00
1550124000000,56.85,57.22,56.37,57.1,2443794,2019-02-14 00:00:00
1550210400000,57.39,57.47,56.93,57.25,3240298,2019-02-15 00:00:00
1550556000000,57.32,58.57,57.225,58.3,3807503,2019-02-19 00:00:00
1550642400000,58.38,58.96,58.15,58.85,3507474,2019-02-20 00:00:00
1550728800000,58.57,59.24,58.15,58.27,3726425,2019-02-21 00:00:00
1550815200000,58.55,58.875,58.26,58.82,2234599,2019-02-22 00:00:00
1551074400000,58.57,58.885,58.2542,58.57,3336096,2019-02-25 00:00:00
1551160800000,58.51,58.9,58.22,58.25,2394680,2019-02-26 00:00:00
1551247200000,58.03,58.36,57.39,57.68,2986550,2019-02-27 00:00:00
1551333600000,57.57,57.95,57.26,57.76,4367151,2019-02-28 00:00:00
1551420000000,58.34,58.68,57.535,57.84,2902584,2019-03-01 00:00:00
1551679200000,57.66,57.7,56.46,56.56,3569022,2019-03-04 00:00:00
1551765600000,56.81,57.54,56.63,57.11,3889292,2019-03-05 00:00:00
1551852000000,56.89,57.12,56.12,56.15,3366098,2019-03-06 00:00:00
1551938400000,55.58,55.64,54.97,55.38,3422826,2019-03-07 00:00:00
1552024800000,55.0,55.07,54.53,54.97,3447842,2019-03-08 00:00:00
1552280400000,55.27,55.74,55.11,55.43,3472472,2019-03-11 00:00:00
1552366800000,55.63,55.75,54.9,55.26,4375142,2019-03-12 00:00:00
1552453200000,56.21,56.82,55.96,56.09,4136420,2019-03-13 00:00:00
1552539600000,56.13,56.45,55.78,56.43,3789919,2019-03-14 00:00:00
1552626000000,56.53,57.32,56.53,56.61,4395208,2019-03-15 00:00:00
1552885200000,56.65,57.54,56.64,57.35,4165589,2019-03-18 00:00:00
1552971600000,57.43,57.69,56.92,57.12,3416090,2019-03-19 00:00:00
1553058000000,56.93,57.125,56.15,56.53,4361382,2019-03-20 00:00:00
1553144400000,56.23,57.33,56.23,57.26,2931942,2019-03-21 00:00:00
1553230800000,56.78,57.17,56.25,56.42,3514441,2019-03-22 00:00:00
1553490000000,56.28,56.92,55.99,56.65,4244292,2019-03-25 00:00:00
1553576400000,52.45,54.0,51.08,51.71,18504970,2019-03-26 00:00:00
1553662800000,51.81,52.05,50.46,50.66,7383039,2019-03-27 00:00:00
1553749200000,50.27,50.84,49.91,50.34,5569186,2019-03-28 00:00:00
1553835600000,50.21,50.86,50.06,50.72,4929563,2019-03-29 00:00:00
1554094800000,51.0,52.2,51.0,52.19,5004850,2019-04-01 00:00:00
1554181200000,52.05,52.65,51.97,52.37,4509167,2019-04-02 00:00:00
1554267600000,52.91,53.665,52.85,53.19,4954117,2019-04-03 00:00:00
1554354000000,53.24,53.3,52.775,53.1,2296667,2019-04-04 00:00:00
1554440400000,53.11,53.36,52.81,53.07,3821248,2019-04-05 00:00:00
1554699600000,52.99,53.05,52.32,52.51,3192084,2019-04-08 00:00:00
1554786000000,52.5,52.69,51.77,51.9,4108538,2019-04-09 00:00:00
1554872400000,52.19,52.41,51.79,52.27,2639831,2019-04-10 00:00:00
1554958800000,52.41,52.785,52.18,52.47,4584243,2019-04-11 00:00:00
1555045200000,52.96,53.58,52.875,53.57,3395939,2019-04-12 00:00:00
1555304400000,53.39,53.81,53.25,53.74,3002048,2019-04-15 00:00:00
1555390800000,53.9,54.85,53.79,54.8,3464575,2019-04-16 00:00:00
1555477200000,55.12,55.34,54.3,54.54,4991907,2019-04-17 00:00:00
1555563600000,54.65,54.71,53.3822,53.63,4114260,2019-04-18 00:00:00
1555909200000,53.29,53.61,53.04,53.07,2463171,2019-04-22 00:00:00
1555995600000,53.38,53.93,53.31,53.75,2541184,2019-04-23 00:00:00
1556082000000,53.25,53.82,53.1,53.73,2863368,2019-04-24 00:00:00
1556168400000,53.53,54.09,53.37,53.83,2482219,2019-04-25 00:00:00
1556254800000,54.08,54.65,53.96,54.42,1794235,2019-04-26 00:00:00
1556514000000,54.42,54.885,54.2,54.43,4796690,2019-04-29 00:00:00
1556600400000,54.25,54.93,53.965,54.86,4313764,2019-04-30 00:00:00
1556686800000,55.6,56.04,54.86,55.82,6672219,2019-05-01 00:00:00
1556773200000,55.31,55.37,54.1,54.33,7569755,2019-05-02 00:00:00
1556859600000,54.23,55.3,54.21,55.18,3826945,2019-05-03 00:00:00
1557118800000,54.19,54.87,54.06,54.85,2969482,2019-05-06 00:00:00
1557205200000,53.88,54.21,53.21,53.68,5068102,2019-05-07 00:00:00
1557291600000,53.8,54.435,53.49,54.02,3207097,2019-05-08 00:00:00
1557378000000,53.33,54.12,52.9537,53.94,2749438,2019-05-09 00:00:00
1557464400000,53.47,54.39,52.9,54.34,2507283,2019-05-10 00:00:00
1557723600000,53.0,53.2556,52.33,52.78,4467448,2019-05-13 00:00:00
1557810000000,52.74,54.25,52.63,53.82,4244139,2019-05-14 00:00:00
1557896400000,53.36,53.95,53.11,53.79,3906786,2019-05-15 00:00:00
1557982800000,53.65,54.18,53.52,53.93,2794448,2019-05-16 00:00:00
1558069200000,53.39,53.885,53.24,53.68,3006670,2019-05-17 00:00:00
1558328400000,52.87,52.91,52.165,52.38,2876522,2019-05-20 00:00:00
1558414800000,52.79,53.16,52.635,52.66,3220635,2019-05-21 00:00:00
1558501200000,52.65,52.75,52.215,52.63,2211005,2019-05-22 00:00:00
1558587600000,51.67,51.75,51.16,51.62,2930692,2019-05-23 00:00:00
1558674000000,51.84,52.11,51.58,51.61,1678734,2019-05-24 00:00:00
1559019600000,51.81,52.08,51.25,51.25,3152968,2019-05-28 00:00:00
1559106000000,51.05,51.75,50.72,51.6,3485183,2019-05-29 00:00:00
1559192400000,51.67,51.91,51.26,51.55,1950866,2019-05-30 00:00:00
1559278800000,50.91,51.27,50.82,51.19,2669530,2019-05-31 00:00:00
1559538000000,50.99,51.49,50.69,51.12,3544275,2019-06-03 00:00:00
1559624400000,51.63,52.33,50.87,52.28,4178073,2019-06-04 00:00:00
1559710800000,52.47,52.5,50.5,50.89,5599125,2019-06-05 00:00:00
1559797200000,50.47,51.3,50.29,51.16,4085953,2019-06-06 00:00:00
1559883600000,51.19,52.52,51.09,52.23,3503955,2019-06-07 00:00:00
1560142800000,52.07,53.39,52.0,53.18,3067308,2019-06-10 00:00:00
1560229200000,53.73,53.86,52.89,53.17,2774984,2019-06-11 00:00:00
1560315600000,53.37,53.71,53.025,53.39,2137654,2019-06-12 00:00:00
1560402000000,52.93,53.34,52.6,52.85,3030382,2019-06-13 00:00:00
1560488400000,52.87,53.28,52.67,53.12,1965294,2019-06-14 00:00:00
1560747600000,53.19,53.34,52.26,52.28,2466960,2019-06-17 00:00:00
1560834000000,52.36,52.99,51.97,52.38,3331638,2019-06-18 00:00:00
1560920400000,52.82,53.29,52.55,52.84,3661951,2019-06-19 00:00:00
1561006800000,47.2,49.075,46.11,48.8,18522529,2019-06-20 00:00:00
1561093200000,46.64,47.28,46.2,46.63,12021197,2019-06-21 00:00:00
1561352400000,45.49,46.26,45.32,46.0,8929521,2019-06-24 00:00:00
1561438800000,45.47,45.7196,45.0,45.45,9504895,2019-06-25 00:00:00
1561525200000,45.62,45.93,45.245,45.38,7336966,2019-06-26 00:00:00
1561611600000,45.21,46.2,44.76,45.92,6663121,2019-06-27 00:00:00
1561698000000,46.0,46.61,45.8,46.55,5950325,2019-06-28 00:00:00
1561957200000,46.76,47.09,46.1717,46.29,4825075,2019-07-01 00:00:00
1562043600000,46.34,46.555,46.08,46.53,4150395,2019-07-02 00:00:00
1562130000000,46.68,46.68,46.03,46.18,2599338,2019-07-03 00:00:00
1562302800000,46.67,46.97,46.4,46.91,3597106,2019-07-05 00:00:00
1562562000000,46.65,46.92,46.31,46.42,4066262,2019-07-08 00:00:00
1562648400000,46.0,46.19,45.81,45.92,5222031,2019-07-09 00:00:00
1562734800000,46.11,46.11,45.2551,45.51,4056932,2019-07-10 00:00:00
1562821200000,45.65,45.9,45.26,45.83,2799762,2019-07-11 00:00:00
1562907600000,45.87,46.368,45.79,46.26,2872170,2019-07-12 00:00:00
1563166800000,46.25,47.08,46.22,46.95,3876470,2019-07-15 00:00:00
1563253200000,46.71,46.96,46.225,46.45,4392563,2019-07-16 00:00:00
1563339600000,46.45,46.51,45.6,45.64,4730661,2019-07-17 00:00:00
1563426000000,45.65,45.89,45.43,45.49,2491999,2019-07-18 00:00:00
1563512400000,45.72,45.99,45.07,45.09,2845154,2019-07-19 00:00:00
1563771600000,45.14,45.37,44.785,45.1,2792113,2019-07-22 00:00:00
1563858000000,45.7,46.305,45.69,46.2,4392448,2019-07-23 00:00:00
1563944400000,46.2,47.14,46.1231,47.12,5333554,2019-07-24 00:00:00
1564030800000,46.97,47.3,46.415,46.62,4309577,2019-07-25 00:00:00
1564117200000,47.02,47.55,46.89,47.27,3324346,2019-07-26 00:00:00
1564376400000,47.02,47.39,47.0,47.35,2531082,2019-07-29 00:00:00
1564462800000,47.12,47.4,47.02,47.38,2467130,2019-07-30 00:00:00
1564549200000,47.36,47.61,46.875,47.23,6388089,2019-07-31 00:00:00
1564635600000,47.09,47.46,46.2829,46.66,5407570,2019-08-01 00:00:00
1564722000000,46.43,46.48,45.535,45.96,2669461,2019-08-02 00:00:00
1564981200000,45.0,45.31,44.62,45.21,5741694,2019-08-05 00:00:00
1565067600000,45.32,45.44,44.5826,45.06,4097146,2019-08-06 00:00:00
1565154000000,44.94,45.68,44.75,45.42,3493182,2019-08-07 00:00:00
1565240400000,45.62,46.71,45.41,46.45,4345580,2019-08-08 00:00:00
1565326800000,46.33,46.33,45.43,46.0,3453568,2019-08-09 00:00:00
1565586000000,45.93,45.93,45.325,45.55,3187903,2019-08-12 00:00:00
1565672400000,45.31,46.12,45.01,45.94,3189988,2019-08-13 00:00:00
1565758800000,45.2,45.3,44.37,44.71,4935956,2019-08-14 00:00:00
1565845200000,44.79,44.86,43.97,44.3,3488709,2019-08-15 00:00:00
1565931600000,44.62,45.145,44.45,44.93,2083114,2019-08-16 00:00:00
1566190800000,45.85,46.05,45.65,45.74,2487475,2019-08-19 00:00:00
1566277200000,45.37,45.55,45.09,45.35,2818236,2019-08-20 00:00:00
1566363600000,45.87,45.98,45.55,45.95,3383849,2019-08-21 00:00:00
1566450000000,45.68,45.79,44.85,45.09,3170245,2019-08-22 00:00:00
1566536400000,45.22,45.27,43.19,43.28,3779356,2019-08-23 00:00:00
1566795600000,43.62,43.88,43.27,43.48,3275431,2019-08-26 00:00:00
1566882000000,43.73,43.97,43.02,43.03,4200081,2019-08-27 00:00:00
1566968400000,42.66,43.515,42.42,43.4,2405806,2019-08-28 00:00:00
1567054800000,43.86,44.44,43.82,44.0,2522735,2019-08-29 00:00:00
1567141200000,44.12,44.32,43.965,44.08,3175964,2019-08-30 00:00:00
1567486800000,43.82,43.86,42.92,43.67,3308856,2019-09-03 00:00:00
1567573200000,43.94,44.46,43.52,43.89,3186549,2019-09-04 00:00:00
1567659600000,44.25,45.31,44.25,45.11,2524161,2019-09-05 00:00:00
1567746000000,45.11,45.89,45.01,45.72,3456561,2019-09-06 00:00:00
1568005200000,45.57,47.655,45.57,47.61,6328126,2019-09-09 00:00:00
1568091600000,48.28,49.69,48.12,49.66,7331787,2019-09-10 00:00:00
1568178000000,49.37,49.93,48.61,49.71,6314167,2019-09-11 00:00:00
1568264400000,49.6,49.97,48.81,49.62,4216320,2019-09-12 00:00:00
1568350800000,50.25,50.87,50.16,50.55,4124473,2019-09-13 00:00:00
1568610000000,49.0,49.76,48.54,48.92,5847147,2019-09-16 00:00:00
1568696400000,48.3,49.43,48.06,49.37,3786748,2019-09-17 00:00:00
1568782800000,48.86,49.03,48.38,48.84,3222327,2019-09-18 00:00:00
1568869200000,48.89,48.95,48.3,48.38,3115200,2019-09-19 00:00:00
1568955600000,48.57,48.64,47.77,48.22,4487952,2019-09-20 00:00:00
1569214800000,47.88,47.9,46.89,47.7,3421088,2019-09-23 00:00:00
1569301200000,48.07,48.79,47.38,47.62,3641384,2019-09-24 00:00:00
1569387600000,46.97,48.06,46.9,48.06,3890396,2019-09-25 00:00:00
1569474000000,45.5,45.73,43.6,43.95,12716832,2019-09-26 00:00:00
1569560400000,43.1,44.21,43.09,43.58,7540579,2019-09-27 00:00:00
1569819600000,43.81,44.12,43.515,43.71,4736338,2019-09-30 00:00:00
1569906000000,43.8,44.17,42.15,42.49,6694435,2019-10-01 00:00:00
1569992400000,42.15,42.16,41.43,41.44,6409232,2019-10-02 00:00:00
1570078800000,41.26,41.39,40.595,41.0,7178921,2019-10-03 00:00:00
1570165200000,41.05,41.325,40.825,41.14,5268216,2019-10-04 00:00:00
1570424400000,40.81,41.35,40.525,40.91,5729166,2019-10-07 00:00:00
1570510800000,40.4,40.4725,39.9201,40.13,4294119,2019-10-08 00:00:00
1570597200000,40.53,40.7868,40.33,40.53,3506471,2019-10-09 00:00:00
1570683600000,40.82,41.45,40.75,40.95,4233000,2019-10-10 00:00:00
1570770000000,41.93,42.32,41.53,41.55,5957265,2019-10-11 00:00:00
1571029200000,41.47,42.24,41.34,42.04,4072341,2019-10-14 00:00:00
1571115600000,42.07,42.865,41.93,42.49,2951989,2019-10-15 00:00:00
1571202000000,42.65,42.89,42.18,42.39,2776938,2019-10-16 00:00:00
1571288400000,42.4,42.749,42.15,42.44,3168583,2019-10-17 00:00:00
1571374800000,42.35,42.97,42.31,42.79,5269405,2019-10-18 00:00:00
1571634000000,43.07,43.515,42.97,43.12,4585008,2019-10-21 00:00:00
1571720400000,43.14,43.24,42.53,42.55,3900316,2019-10-22 00:00:00
1571806800000,43.03,44.08,42.64,44.0,7301120,2019-10-23 00:00:00
1571893200000,44.05,44.09,43.19,43.9,4200403,2019-10-24 00:00:00
1571979600000,43.9,44.82,43.88,44.57,2730417,2019-10-25 00:00:00
1572238800000,44.59,44.86,44.13,44.18,2764408,2019-10-28 00:00:00
1572325200000,44.64,44.7,44.15,44.16,3297402,2019-10-29 00:00:00
1572411600000,44.49,44.49,42.96,43.21,4253720,2019-10-30 00:00:00
1572498000000,43.13,43.24,42.455,42.89,5084661,2019-10-31 00:00:00
1572584400000,43.23,43.32,42.87,42.95,4303035,2019-11-01 00:00:00
1572847200000,43.25,44.37,43.25,44.21,4211465,2019-11-04 00:00:00
1572933600000,44.36,45.32,44.31,44.86,3851883,2019-11-05 00:00:00
1573020000000,44.87,44.91,44.22,44.37,3075534,2019-11-06 00:00:00
1573106400000,44.89,45.34,44.67,45.05,3818021,2019-11-07 00:00:00
1573192800000,44.6,45.05,44.26,45.05,2709924,2019-11-08 00:00:00
1573452000000,44.64,45.0135,44.42,44.68,2294960,2019-11-11 00:00:00
1573538400000,44.96,45.04,44.25,44.48,2249429,2019-11-12 00:00:00
1573624800000,44.26,44.3754,43.87,44.06,2565132,2019-11-13 00:00:00
1573711200000,44.16,44.5,43.945,44.44,1933857,2019-11-14 00:00:00
1573797600000,44.85,45.08,44.557,44.85,2187458,2019-11-15 00:00:00
1574056800000,44.8,44.93,44.46,44.7,2197498,2019-11-18 00:00:00
1574143200000,44.96,45.05,44.48,44.49,2503544,2019-11-19 00:00:00
1574229600000,44.04,44.15,43.5114,43.67,3088965,2019-11-20 00:00:00
1574316000000,42.9,43.2775,42.47,43.02,3770408,2019-11-21 00:00:00
1574402400000,43.53,43.93,43.24,43.68,3971064,2019-11-22 00:00:00
1574661600000,43.88,44.6157,43.84,44.5,3054594,2019-11-25 00:00:00
1574748000000,44.71,44.75,44.14,44.68,3217675,2019-11-26 00:00:00
1574834400000,44.99,45.3,44.79,45.22,4832564,2019-11-27 00:00:00
1575007200000,45.22,45.36,45.01,45.08,1913087,2019-11-29 00:00:00
1575266400000,45.16,45.18,44.44,44.49,3377533,2019-12-02 00:00:00
1575352800000,43.85,43.85,43.27,43.54,3095551,2019-12-03 00:00:00
1575439200000,43.55,44.34,43.55,43.88,2644628,2019-12-04 00:00:00
1575525600000,44.4,44.5,43.87,44.2,3152555,2019-12-05 00:00:00
1575612000000,44.87,45.12,44.715,44.77,3682450,2019-12-06 00:00:00
1575871200000,45.07,45.52,44.95,45.41,3221147,2019-12-09 00:00:00
1575957600000,45.06,45.41,44.88,45.32,3698370,2019-12-10 00:00:00
1576044000000,45.46,45.91,45.38,45.79,2839048,2019-12-11 00:00:00
1576130400000,45.88,46.955,45.76,46.9,5272863,2019-12-12 00:00:00
1576216800000,47.16,47.995,47.11,47.45,6957545,2019-12-13 00:00:00
1576476000000,48.06,48.06,46.86,46.99,4590265,2019-12-16 00:00:00
1576562400000,46.76,47.31,46.54,47.2,3246173,2019-12-17 00:00:00
1576648800000,46.95,47.16,46.57,46.58,6584640,2019-12-18 00:00:00
1576735200000,46.69,47.03,46.57,46.65,4481502,2019-12-19 00:00:00
1576821600000,48.9,51.21,48.26,50.21,15870401,2019-12-20 00:00:00
1577080800000,50.32,51.27,50.15,51.26,5965361,2019-12-23 00:00:00
1577167200000,51.4,51.62,50.74,50.94,2142276,2019-12-24 00:00:00
1577340000000,51.0,51.445,50.76,51.33,3217210,2019-12-26 00:00:00
1577426400000,51.62,51.74,51.185,51.33,2093453,2019-12-27 00:00:00
1577685600000,51.64,51.69,50.94,51.02,2568664,2019-12-30 00:00:00
1577772000000,51.03,51.13,50.745,50.83,3130950,2019-12-31 00:00:00
1577944800000,51.35,51.67,50.725,51.31,4200997,2020-01-02 00:00:00
1578031200000,50.05,50.4,49.565,49.89,4892378,2020-01-03 00:00:00
1578290400000,49.35,49.4,48.27,48.38,6696713,2020-01-06 00:00:00
1578376800000,48.14,48.67,48.13,48.53,5756814,2020-01-07 00:00:00
1578463200000,48.5,49.025,48.43,48.76,5021358,2020-01-08 00:00:00
1578549600000,49.14,49.29,48.928,49.2,2589399,2020-01-09 00:00:00
1578636000000,49.26,49.5775,48.8034,48.85,4362546,2020-01-10 00:00:00
1578895200000,49.1,49.65,48.82,49.36,4041800,2020-01-13 00:00:00
1578981600000,49.43,50.28,49.36,50.21,4406133,2020-01-14 00:00:00
1579068000000,50.51,50.94,50.1,50.44,3656045,2020-01-15 00:00:00
1579154400000,50.59,51.36,50.455,51.35,4772686,2020-01-16 00:00:00
1579240800000,51.45,51.94,51.31,51.9,6560513,2020-01-17 00:00:00
1579586400000,51.38,51.38,50.3,50.69,12100696,2020-01-21 00:00:00
1579672800000,50.68,51.04,49.74,49.88,5109157,2020-01-22 00:00:00
1579759200000,49.03,49.61,48.13,49.45,6305172,2020-01-23 00:00:00
1579845600000,49.14,49.3,47.12,47.52,6470734,2020-01-24 00:00:00
1580104800000,45.4,46.14,44.73,45.27,8099201,2020-01-27 00:00:00
1580191200000,45.8,46.855,45.375,46.5,7155699,2020-01-28 00:00:00
1580277600000,46.36,46.97,46.27,46.5,3408236,2020-01-29 00:00:00
1580364000000,43.76,45.79,43.76,44.75,14856083,2020-01-30 00:00:00
1580450400000,44.99,45.16,43.21,43.53,11796397,2020-01-31 00:00:00
1580709600000,43.75,44.11,42.1,42.75,8341740,2020-02-03 00:00:00
1580796000000,44.22,44.41,43.38,43.56,6164371,2020-02-04 00:00:00
1580882400000,44.36,45.04,43.915,44.14,6679626,2020-02-05 00:00:00
1580968800000,44.63,44.82,43.74,43.78,4534629,2020-02-06 00:00:00
1581055200000,42.98,43.03,41.9801,42.2,11253034,2020-02-07 00:00:00
1581314400000,42.08,42.4014,41.665,41.78,4829298,2020-02-10 00:00:00
1581400800000,42.11,43.2889,42.04,42.95,5807600,2020-02-11 00:00:00
1581487200000,43.23,44.44,43.08,44.06,6867912,2020-02-12 00:00:00
1581573600000,43.26,43.6,42.76,43.2,6670587,2020-02-13 00:00:00
1581660000000,43.07,43.12,42.5,42.6,3998020,2020-02-14 00:00:00
1582005600000,42.6,42.97,42.53,42.92,6246943,2020-02-18 00:00:00
1582092000000,42.56,43.44,42.53,43.34,4625416,2020-02-19 00:00:00
1582178400000,42.62,42.86,42.19,42.5,5343805,2020-02-20 00:00:00
1582264800000,42.11,42.1948,41.645,41.69,8009836,2020-02-21 00:00:00
1582524000000,39.38,39.75,37.76,37.76,15441409,2020-02-24 00:00:00
1582610400000,38.0,38.11,35.67,35.84,16153658,2020-02-25 00:00:00
1582696800000,36.17,36.19,32.38,33.14,23505353,2020-02-26 00:00:00
1582783200000,32.65,33.7,30.19,31.85,31486426,2020-02-27 00:00:00
1582869600000,31.23,33.5,31.06,33.46,24868185,2020-02-28 00:00:00
1583128800000,32.71,33.06,31.245,33.06,19716207,2020-03-02 00:00:00
1583215200000,33.02,33.34,31.16,31.83,19720605,2020-03-03 00:00:00
1583301600000,32.25,32.46,30.9,32.46,19503495,2020-03-04 00:00:00
1583388000000,30.91,30.91,27.65,27.87,33085039,2020-03-05 00:00:00
1583474400000,26.91,29.2981,26.1,27.15,29767800,2020-03-06 00:00:00
1583730000000,24.44,24.75,21.51,21.74,33764206,2020-03-09 00:00:00
1583816400000,23.51,24.18,20.195,24.02,45551287,2020-03-10 00:00:00
1583902800000,22.89,23.7,20.4102,21.75,38262757,2020-03-11 00:00:00
1583989200000,17.91,22.5,14.7,14.97,47752934,2020-03-12 00:00:00
1584075600000,18.34,18.46,15.01,17.58,55565784,2020-03-13 00:00:00
1584334800000,15.05,17.9,14.5,14.57,50744929,2020-03-16 00:00:00
1584421200000,14.77,14.89,12.08,12.71,41578661,2020-03-17 00:00:00
1584507600000,11.16,11.55,7.9,9.3,69931048,2020-03-18 00:00:00
1584594000000,9.13,10.4,8.6,10.0,52661964,2020-03-19 00:00:00
1584680400000,11.09,13.81,10.6,12.0,80096373,2020-03-20 00:00:00
1584939600000,11.27,12.45,10.61,12.0,52551830,2020-03-23 00:00:00
1585026000000,14.06,16.68,13.1,13.68,65012429,2020-03-24 00:00:00
1585112400000,15.05,17.07,13.12,15.55,78051663,2020-03-25 00:00:00
1585198800000,15.5,19.14,15.05,17.82,97609188,2020-03-26 00:00:00
1585285200000,16.0,16.16,14.05,14.41,64592361,2020-03-27 00:00:00
1585544400000,13.44,13.47,11.71,12.8,46165603,2020-03-30 00:00:00
1585630800000,10.95,14.55,10.95,13.17,112205695,2020-03-31 00:00:00
1585717200000,12.6,12.61,8.61,8.8,182979286,2020-04-01 00:00:00
1585803600000,8.005,8.53,7.8,7.97,262061123,2020-04-02 00:00:00
1585890000000,8.29,8.74,8.02,8.49,124436195,2020-04-03 00:00:00
1586149200000,9.28,10.96,9.14,10.21,195697628,2020-04-06 00:00:00
1586235600000,12.35,12.95,11.05,11.3,185454316,2020-04-07 00:00:00
1586322000000,11.86,12.1898,11.36,11.99,108041185,2020-04-08 00:00:00
1586408400000,12.91,13.73,11.92,12.42,145266549,2020-04-09 00:00:00
1586754000000,11.77,11.82,10.95,11.5,77438798,2020-04-13 00:00:00
1586840400000,12.46,13.19,12.17,12.51,79840103,2020-04-14 00:00:00
1586926800000,11.88,12.43,11.57,12.38,55875255,2020-04-15 00:00:00
1587013200000,12.14,12.29,11.37,11.85,59788576,2020-04-16 00:00:00
1587099600000,12.71,12.77,12.26,12.56,60675118,2020-04-17 00:00:00
1587358800000,12.08,12.56,11.86,12.22,41265157,2020-04-20 00:00:00
1587445200000,11.79,12.3,11.62,11.84,40644494,2020-04-21 00:00:00
1587531600000,12.08,12.18,11.375,11.64,38621573,2020-04-22 00:00:00
1587618000000,11.69,12.39,11.65,12.17,46795194,2020-04-23 00:00:00
1587704400000,12.25,12.35,11.62,11.91,39106145,2020-04-24 00:00:00
1587963600000,12.06,13.245,12.0,12.98,54811248,2020-04-27 00:00:00
1588050000000,13.96,14.6663,13.365,14.46,90378209,2020-04-28 00:00:00
1588136400000,15.76,16.83,15.63,16.69,111882547,2020-04-29 00:00:00
1588222800000,16.26,16.69,15.18,15.9,87744911,2020-04-30 00:00:00
1588309200000,14.9,15.3,13.725,13.93,63622542,2020-05-01 00:00:00
1588568400000,13.12,14.58,12.75,14.34,74722716,2020-05-04 00:00:00
1588654800000,14.25,14.89,12.93,13.09,89357446,2020-05-05 00:00:00
1588741200000,13.51,13.59,12.58,12.82,50586779,2020-05-06 00:00:00
1588827600000,12.98,13.74,12.98,13.53,39715806,2020-05-07 00:00:00
1588914000000,14.07,14.39,13.65,14.21,41587406,2020-05-08 00:00:00
1589173200000,14.07,14.29,13.64,13.85,36936903,2020-05-11 00:00:00
1589259600000,14.11,14.215,13.16,13.19,35482339,2020-05-12 00:00:00
1589346000000,13.0,13.01,11.89,12.26,57274046,2020-05-13 00:00:00
1589432400000,11.67,12.62,11.0,12.27,56189706,2020-05-14 00:00:00
1589518800000,12.13,13.1,11.95,12.78,36812771,2020-05-15 00:00:00
1589778000000,14.1,15.07,13.92,14.72,79983385,2020-05-18 00:00:00
1589864400000,14.61,14.825,13.625,14.11,51347122,2020-05-19 00:00:00
1589950800000,14.62,14.69,13.83,14.15,40132638,2020-05-20 00:00:00
1590037200000,13.9,15.13,13.895,14.6,50573055,2020-05-21 00:00:00
1590123600000,14.92,15.18,14.15,14.46,29208040,2020-05-22 00:00:00
1590469200000,15.94,16.52,15.8183,16.28,59226218,2020-05-26 00:00:00
1590555600000,18.16,18.16,16.12,17.24,88455748,2020-05-27 00:00:00
1590642000000,17.34,17.4,15.735,15.93,60951577,2020-05-28 00:00:00
1590728400000,15.23,15.92,15.0,15.74,50358472,2020-05-29 00:00:00
1590987600000,15.98,17.08,15.87,16.8,42635527,2020-06-01 00:00:00
1591074000000,17.33,17.48,16.56,16.87,41632085,2020-06-02 00:00:00
1591160400000,16.71,17.65,16.57,17.25,53113165,2020-06-03 00:00:00
1591246800000,17.36,19.055,16.66,18.48,86050104,2020-06-04 00:00:00
1591333200000,22.3,22.94,21.055,21.51,113521075,2020-06-05 00:00:00
1591592400000,24.57,25.275,23.4121,24.91,107262909,2020-06-08 00:00:00
1591678800000,23.88,23.9,21.93,23.04,72547437,2020-06-09 00:00:00
1591765200000,22.2,22.47,19.5,20.59,82883080,2020-06-10 00:00:00
1591851600000,17.29,18.99,16.75,17.44,79106599,2020-06-11 00:00:00
1591938000000,19.81,20.2,18.53,19.98,65140117,2020-06-12 00:00:00
1592197200000,18.14,19.815,17.95,19.44,59224492,2020-06-15 00:00:00
1592283600000,21.815,21.85,19.6072,20.42,58679115,2020-06-16 00:00:00
1592370000000,19.32,19.7997,18.67,19.09,44645686,2020-06-17 00:00:00
1592456400000,17.96,19.545,17.8,18.82,60188028,2020-06-18 00:00:00
1592542800000,19.3,19.35,17.485,17.83,54899087,2020-06-19 00:00:00
